{"cameraMode":{"drawMode":0,"name":"Shaded","section":"Shading Mode"},"sceneLighting":false,"audioPlay":false,"sceneViewState":{"m_AlwaysRefresh":false,"showFog":true,"showSkybox":false,"showFlares":true,"showImageEffects":true,"showParticleSystems":true,"showVisualEffectGraphs":true,"m_FxEnabled":true},"in2DMode":false,"pivot":{"x":-0.5254139304161072,"y":-0.22947673499584199,"z":-0.563588559627533},"rotation":{"x":-0.07342599332332611,"y":0.9217371940612793,"z":-0.21563364565372468,"w":-0.31386440992355349},"size":5.107395172119141,"orthographic":false}