{"cameraMode":{"drawMode":0,"name":"Shaded","section":"Shading Mode"},"sceneLighting":false,"audioPlay":false,"sceneViewState":{"m_AlwaysRefresh":false,"showFog":true,"showSkybox":false,"showFlares":true,"showImageEffects":true,"showParticleSystems":true,"showVisualEffectGraphs":true,"m_FxEnabled":true},"in2DMode":false,"pivot":{"x":6.063749313354492,"y":-0.14821785688400269,"z":0.013811498880386353},"rotation":{"x":0.015166746452450753,"y":0.7022637724876404,"z":-0.014963117428123951,"w":0.7115790247917175},"size":3.4477181434631349,"orthographic":true}